Year,Quarter/Year,Date,Gross Metro Product,Total Households,Total Population,Total Real Personal Income,Disposable Real Pers Income,Persons Per Household,Res SF Permits,Res MF Permits,Total Res Permits,Employment Tot Non Agric,Total Employed,CPI Index,Fla - Gross State Product,Fla - Nbr of Households,Fla - Total Population,Fla -Total Real Personal Income,Fla - Dis Real Personal Income,Fla Total RealPers Inc per Hsld,Fla - Emplymt Tot NonAgricultur,Fla - Tot Resid Permits,Fla - Persons Per Hsld
1980,80Q1,2012-12-01,7.27522,113.91428,321.12637,,,2.819017685930157,2495.7151,1511.2239,4006.939,117.30536,,79.40052,224.2478,3730.7859,9737.1064,,,,3523.251,164629.22,2.609934384066371
1980,80Q2,2012-12-01,7.344,115.24792,324.07529,,,2.811983851856068,1946.5386,970.66998,2917.2085,118.10847,,82.13436,225.29874,3780.4336,9840.5,,,,3548.3103,117633.44,2.603008289842732
1980,80Q3,2012-12-01,7.4467,116.42616,326.67465,,,2.805852653733491,2976.989,1804.5607,4781.5498,119.52642,,83.61086,227.60547,3823.9795,9937.9004,,,,3592.5996,196475.34,2.598837258411035
1980,80Q4,2012-12-01,7.61724,117.47243,328.97125,,,2.800412403148552,2844.7578,2313.5454,5158.3032,122.10523,,85.76058,232.11067,3862.1604,10028.888,,,,3639.4111,218250.05,2.596704165886015
1981,81Q1,2012-12-01,7.76383,118.42782,331.04642,,,2.795343357667143,1922.5325,963.96564,2886.498,124.29922,,88.18947,236.83824,3896.4551,10113.749,,,,3686.1853,149443.73,2.595628267344849
1981,81Q2,2012-12-01,7.88303,119.33419,332.98154,,,2.790328069432574,1756.5583,1453.6484,3210.2068,126.05643,,90.08838,239.29367,3928.3428,10192.77,,,,3736.175,174772.72,2.594674273334802
1981,81Q3,2012-12-01,7.8709,120.22549,334.8421,,,2.785117365710051,1397.8701,1199.8035,2597.6736,125.39881,,92.15221,238.86818,3959.1042,10266.474,,,,3756.3333,141952.94,2.593130536953284
1981,81Q4,2012-12-01,7.87691,121.10176,336.63013,,,2.779729460579268,1171.0389,998.58258,2169.6216,124.68713,,93.98907,238.43314,3989.2295,10336.338,,,,3764.2092,118482.62,2.591061256315286
1982,82Q1,2012-12-01,7.83449,121.95441,338.33173,,,2.774247606134129,1023.5686,763.18469,1786.7533,123.20049,,95.11314,241.5728,4019.0098,10404.078,,,,3763.8718,77420.672,2.588716753066887
1982,82Q2,2012-12-01,7.71279,122.77481,339.93307,,,2.768752564145691,1097.2175,1187.6169,2284.8345,120.47211,,96.00536,242.94704,4048.7371,10471.41,,,,3759.0176,97861.547,2.586339824336828
1982,82Q3,2012-12-01,7.58963,123.56074,341.43628,,,2.763307179934339,1212.1998,1209.9479,2422.1477,118.3428,,97.60455,244.51495,4078.6543,10539.719,,,,3756.3145,104007.19,2.584116775967014
1982,82Q4,2012-12-01,7.54327,124.33593,342.90744,,,2.757911088130358,1615.0139,1547.2509,3162.2646,118.07829,,98.00086,247.631,4108.8096,10609.071,,,,3766.3496,135962.58,2.582030328200168
1983,83Q1,2012-12-01,7.48897,125.13082,344.42868,,,2.752548732598412,1864.6108,1155.9327,3020.5435,117.67605,,98.19905,249.02347,4139.2021,10679.202,,,,3792.8279,150117.03,2.580014636154151
1983,83Q2,2012-12-01,7.57027,125.97604,346.08212,,,2.747205897248397,2098.0542,1819.646,3917.7002,119.39907,,99.24403,256.70328,4169.8315,10749.85,,,,3864.6194,194734.95,2.578005849876668
1983,83Q3,2012-12-01,7.74128,126.89524,347.93039,,,2.741871089884853,2026.8468,2070.8538,4097.7002,122.2418,,100.16616,260.815,4200.7222,10820.867,,,,3942.7312,203698.02,2.575953963344684
1983,83Q4,2012-12-01,7.85597,127.88351,349.95819,,,2.736538823496478,2066.4878,2105.5681,4172.0562,123.88977,,101.14879,267.16333,4231.9956,10892.587,,,,4021.1885,207394.0,2.573865388706926
1984,84Q1,2012-12-01,7.98169,128.92876,352.13077,,,2.731204193695805,2206.4702,1443.0087,3649.4788,125.67998,,102.27306,272.39166,4263.7988,10965.458,,,,4105.3101,222818.94,2.571757841856891
1984,84Q2,2012-12-01,8.11351,130.01878,354.41333,,,2.72586260231022,2014.5107,1487.2616,3501.7725,127.58176,,103.23176,278.45316,4296.2793,11039.93,,,,4175.2969,216061.44,2.569649044930575
1984,84Q3,2012-12-01,8.21173,131.14041,356.76877,,,2.720509795569497,1831.7598,1238.4288,3070.1885,128.68648,,104.03103,283.3678,4329.5181,11116.27,,,,4239.9976,187989.3,2.56755364990852
1984,84Q4,2012-12-01,8.30456,132.27647,359.15085,,,2.715152967115013,1823.2598,1307.3002,3130.5601,129.47234,,104.8903,286.62885,4363.3389,11194.014,,,,4295.1758,192666.28,2.565469759866693
1985,85Q1,2012-12-01,8.50095,133.40869,361.51077,,,2.709799264200855,2052.676,995.49554,3048.1716,131.82639,,105.55085,289.04584,4397.4985,11272.513,,,,4343.7397,196447.97,2.563392119406067
1985,85Q2,2012-12-01,8.61325,134.51865,363.79996,,,2.704457411667453,1996.9086,1048.7097,3045.6182,132.8956,,106.48019,293.96182,4431.7554,11351.12,,,,4390.6968,198522.06,2.56131464295164
1985,85Q3,2012-12-01,8.66324,135.59241,365.98196,,,2.699133085694104,2086.9946,1141.7748,3228.7693,133.3006,,107.20776,297.32776,4465.9492,11429.403,,,,4429.6499,211702.97,2.559232648683062
1985,85Q4,2012-12-01,8.76257,136.63461,368.06976,,,2.693825232128229,2083.4199,1058.0204,3141.4402,134.83714,,108.02975,301.12097,4500.2476,11507.797,,,,4473.9595,203787.03,2.557147522282996
1986,86Q1,2012-12-01,8.67443,137.65456,370.08838,,,2.688529751575247,2051.5098,817.41052,2868.9204,133.3837,,108.37479,303.8728,4534.8984,11586.949,,,,4521.6016,199792.45,2.555062534587324
1986,86Q2,2012-12-01,8.68406,138.66159,372.06296,,,2.683244581285993,2202.6387,754.79279,2957.4316,133.4859,,107.9425,305.5141,4570.1519,11667.51,,,,4567.7622,200336.94,2.552980788231569
1986,86Q3,2012-12-01,8.77821,139.66568,374.02002,,,2.677966555563256,2144.3083,695.40173,2839.71,134.83316,,108.34898,309.2807,4606.1396,11749.822,,,,4623.7319,190484.98,2.550904449357114
1986,86Q4,2012-12-01,8.88845,140.67906,375.99136,,,2.672688884898719,2161.5422,696.39484,2857.937,136.42097,,109.03843,315.23889,4642.5293,11833.011,,,,4681.6636,191485.63,2.548828501739343
1987,87Q1,2012-12-01,9.0383,141.71465,378.01016,,,2.6674035464929,2621.7834,859.42352,3481.207,138.42023,,110.25468,320.25171,4678.8706,11915.891,,,,4747.3013,196520.8,2.546745148284289
1987,87Q2,2012-12-01,9.21134,142.78549,380.10959,,,2.662102360681047,2363.0598,794.76038,3157.8201,140.88947,,111.30217,324.38934,4714.7139,11997.28,,,,4818.8594,178805.73,2.544646452460244
1987,87Q3,2012-12-01,9.3648,143.8996,382.31006,,,2.656783340606923,2297.8032,795.72577,3093.5291,142.68741,,112.35224,329.71799,4749.7349,12076.343,,,,4884.7788,175776.42,2.542529899931889
1987,87Q4,2012-12-01,9.44966,145.0442,384.58115,,,2.651475550211591,2213.3533,702.09045,2915.4438,143.08217,,113.26646,339.16913,4784.1099,12153.623,,,,4938.4233,163953.02,2.54041467567457
1988,88Q1,2012-12-01,9.70588,146.20097,386.87964,,,2.646218010728656,2434.0969,1854.6594,4288.7563,145.6944,,113.85084,339.57312,4818.1401,12230.012,,,,4981.8193,167960.31,2.538326355433293
1988,88Q2,2012-12-01,9.9312,147.35143,389.16235,,,2.64104902137699,2351.8872,1936.6302,4288.5176,148.1133,,114.98232,346.19672,4852.1274,12306.4,,,,5032.6387,168089.78,2.536289545901041
1988,88Q3,2012-12-01,10.11036,148.48433,391.40115,,,2.635976132969721,2433.0459,851.77777,3284.8237,150.24498,,116.27171,352.37668,4886.459,12383.803,,,,5089.6572,171326.84,2.534310223415361
1988,88Q4,2012-12-01,10.20473,149.61871,393.62796,,,2.630873906077656,2672.9692,528.93195,3201.9014,151.54063,,117.44768,356.9537,4921.8667,12463.732,,,,5158.8804,175011.08,2.532318073547177
1989,89Q1,2012-12-01,10.41126,150.78168,395.88983,,,2.62558309471018,2351.9949,355.69846,2707.6934,153.92395,,118.49559,358.60315,4959.1699,12547.826,,,,5202.8608,177458.88,2.530227084980492
1989,89Q2,2012-12-01,10.51768,152.00075,398.2337,,,2.619945625268296,2389.7041,501.34912,2891.0532,155.30452,,120.29041,358.83322,4999.186,12637.72,,,,5238.3164,174287.39,2.527955551163729
1989,89Q3,2012-12-01,10.59466,153.28667,400.6814,,,2.613935053843886,2290.3396,1542.6741,3833.0137,156.1337,,121.14812,361.71936,5042.2646,12734.195,,,,5283.897,148671.34,2.525491224716767
1989,89Q4,2012-12-01,10.66396,154.58003,403.15384,,,2.608059009951027,2927.9617,1032.2783,3960.2402,156.71599,,122.10254,366.67368,5086.8789,12834.614,,,,5316.3579,159522.39,2.523082277425555
1990,90Q1,2012-12-01,10.3654,155.80226,405.54678,,,2.602958262608001,2155.7622,620.50568,2776.2678,155.43333,181.2505,124.26286,367.97296,5131.0308,12935.482,,,,5361.2671,154517.48,2.52102988740586
1990,90Q2,2012-12-01,10.31097,156.87308,407.75601,,,2.599273310627929,2002.6569,412.38245,2415.0393,154.0,179.12288,125.39626,370.61581,5172.7246,13033.308,,,,5385.1665,128435.89,2.519621477625158
1990,90Q3,2012-12-01,10.37106,157.73909,409.71576,,,2.597426928226859,1959.5737,131.59518,2091.1689,154.13333,183.12767,127.39513,371.0719,5210.4453,13125.306,,,,5374.6997,117456.25,2.519037288425233
1990,90Q4,2012-12-01,10.30387,158.45929,411.51443,,,2.596972572576843,1834.0072,2023.5168,3857.5239,152.43333,180.97949,129.40286,370.7594,5244.6064,13211.539,,,,5351.7671,104978.38,2.519071593246731
1991,91Q1,2012-12-01,10.25284,159.12189,413.27887,,,2.597247116660065,1852.0127,95.33089,1947.3435,151.13333,180.82988,130.31575,370.45975,5276.1045,13292.778,,,,5296.1665,91423.758,2.519430386566452
1991,91Q2,2012-12-01,10.24022,159.8159,415.13599,,,2.597588788099307,2154.6458,265.27127,2419.917,150.16667,180.14555,130.9472,372.24246,5305.8345,13369.798,,,,5271.6333,101065.09,2.51982944435979
1991,91Q3,2012-12-01,10.20665,160.60472,417.168,,,2.5974828137056,1869.676,1897.9408,3767.6167,148.36667,179.68739,131.82388,371.55142,5334.5649,13443.36,,,,5269.0669,92999.477,2.520048073648893
1991,91Q4,2012-12-01,10.27073,161.44698,419.27853,,,2.597004477878744,2087.666,133.45694,2221.123,147.86667,179.74239,132.70155,374.21667,5362.5513,13514.193,,,,5265.6333,95743.664,2.520105122350997
1992,92Q1,2012-12-01,10.33786,162.2749,421.32654,,,2.596375286627815,1797.6443,89.9996,1887.6439,147.33333,177.55003,133.44518,376.04807,5389.9219,13583.018,,,,5294.3667,101673.05,2.520076960669875
1992,92Q2,2012-12-01,10.45868,163.02039,423.17099,,,2.595816327025104,2476.3213,53.05205,2529.3735,147.36667,178.0815,134.54253,380.51532,5416.8042,13650.553,,,,5311.0,96647.867,2.520038106601675
1992,92Q3,2012-12-01,10.48147,163.63986,424.72601,,,2.59549238186833,2378.8635,114.59091,2493.4546,147.10001,177.42647,135.32022,384.22617,5443.3901,13717.596,,,,5341.9331,99945.406,2.520046468835662
1992,92Q4,2012-12-01,10.50131,164.18845,426.12646,,,2.595349794702368,2379.1716,106.35748,2485.5293,148.66667,178.2713,136.23695,403.30493,5470.1294,13785.257,,,,5401.9004,109821.69,2.520097056570545
1993,93Q1,2012-12-01,10.55495,164.74617,427.56247,,,2.595280181627288,2230.7361,50.25821,2280.9944,150.5,181.50812,137.41042,387.65604,5497.5352,13854.724,,,,5465.4668,104277.99,2.520170130061195
1993,93Q2,2012-12-01,10.50095,165.39299,429.224,,,2.595176494481417,2433.0669,69.93562,2503.0024,150.7,181.17757,138.60374,398.98972,5526.1211,13927.185,,,,5534.0332,112026.91,2.520246072783312
1993,93Q3,2012-12-01,10.51058,166.18672,431.24728,,,2.594956323826597,2499.9158,21.69895,2521.6147,150.76666,179.75908,139.418,403.03726,5556.1978,14003.338,,,,5575.3335,114551.23,2.520309482142626
1993,93Q4,2012-12-01,10.68301,167.09589,433.55316,,,2.594636887837277,3184.2815,130.10724,3314.3887,152.36667,181.82161,140.38847,412.77017,5587.2646,14081.93,,,,5630.2007,129555.88,2.520362110647131
1994,94Q1,2012-12-01,10.91746,168.06667,436.00845,,,2.594258873576778,2946.7412,66.95653,3013.6978,154.8,180.59029,141.18196,409.95587,5618.6182,14161.213,,,,5687.1665,130594.16,2.520408487624235
1994,94Q2,2012-12-01,11.13697,169.0452,438.48001,,,2.593862529075064,2423.6021,135.31241,2558.9146,157.03333,182.55711,142.08871,422.07956,5649.5552,14239.444,,,,5751.8999,121684.11,2.520453999635228
1994,94Q3,2012-12-01,11.39443,169.98608,440.85538,,,2.593479301363971,2677.3911,116.86357,2794.2549,160.16667,186.31653,143.32831,422.4248,5679.5659,14315.362,,,,5810.7329,132223.14,2.520502843359913
1994,94Q4,2012-12-01,11.36335,170.87823,443.1041,,,2.593098605948809,2240.2654,124.86753,2365.1328,160.0,185.38326,144.02803,426.50562,5708.917,14389.638,,,,5866.6665,129906.6,2.520554774224253
1995,95Q1,2012-12-01,11.38143,171.71909,445.21628,,,2.592701137654526,2223.3767,210.11156,2433.4883,160.5,184.81787,145.35521,429.79022,5738.0688,14463.424,,,,5914.6997,124168.27,2.520608327317372
1995,95Q2,2012-12-01,11.4066,172.50612,447.18201,,,2.592267509117937,2025.2902,173.86752,2199.1577,161.2,184.84904,146.35666,432.26508,5767.4829,14537.875,,,,5955.7671,117954.39,2.520662003176464
1995,95Q3,2012-12-01,11.48142,173.24303,449.00903,,,2.591786982714398,2033.5601,219.02658,2252.5867,161.43333,185.13733,147.27007,437.44415,5797.5439,14613.956,,,,5988.6997,120902.16,2.520715022097547
1995,95Q4,2012-12-01,11.68333,173.95856,450.77573,,,2.59128225710767,2461.7734,112.99441,2574.7678,162.5,186.06407,148.26025,444.05078,5828.3369,14691.881,,,,6049.3335,128587.17,2.520767287834716
1996,96Q1,2012-12-01,11.89478,174.68768,452.57803,,,2.590783906455223,2398.4368,69.91963,2468.3562,163.7,186.85768,149.46213,450.57941,5859.8706,14771.674,,,,6097.8999,123438.36,2.520819145733355
1996,96Q2,2012-12-01,12.06601,175.46539,454.51199,,,2.590322741140005,2389.1216,80.89445,2470.0161,164.33334,188.13751,150.92506,455.67474,5892.1548,14853.36,,,,6134.3335,123476.41,2.520870632930418
1996,96Q3,2012-12-01,12.1883,176.31534,456.64288,,,2.58992144415795,2656.8984,214.11748,2871.0159,165.13333,187.93608,151.68538,461.33102,5925.1167,14936.76,,,,6176.2671,130903.34,2.520922499298622
1996,96Q4,2012-12-01,12.21884,177.21564,458.91315,,,2.589574768908658,2571.5422,123.06848,2694.6106,165.63333,189.60698,152.7005,465.64465,5958.3555,15020.86,,,,6245.8672,122261.86,2.520974117774611
1997,97Q1,2012-12-01,12.26961,178.13292,461.23456,,,2.589271876304503,2422.3733,94.94098,2517.3142,166.43333,189.54132,153.64261,471.59778,5991.3882,15104.447,,,,6303.8335,134955.03,2.521026262327652
1997,97Q2,2012-12-01,12.42611,179.03397,463.51901,,,2.589000344459769,2627.644,38.03992,2665.6841,168.43333,190.58789,154.05936,476.15594,6023.7324,15186.304,,,,6374.8003,131229.83,2.521078791614316
1997,97Q3,2012-12-01,12.55754,179.89113,465.69269,,,2.588747371813163,2594.49,1312.3545,3906.8445,169.8,191.58644,154.60057,482.26837,6054.9951,15265.438,,,,6422.2329,135816.41,2.521131354837925
1997,97Q4,2012-12-01,12.64805,180.69951,467.73987,,,2.588495508371882,2935.4917,1422.6646,4358.1563,169.96666,191.40569,155.24948,482.12189,6085.1431,15341.766,,,,6473.2993,133958.73,2.521184095079046
1998,98Q1,2012-12-01,12.95355,181.45995,469.65936,,,2.588225996976192,2887.7302,472.50079,3360.2312,172.8,193.48531,155.18646,491.29745,6114.2339,15415.426,,,,6548.1997,140666.88,2.521235898417298
1998,98Q2,2012-12-01,13.0977,182.17325,471.44998,,,2.587921003769763,2836.8044,46.39349,2883.198,173.59999,194.11176,155.57523,496.99393,6142.3237,15486.56,,,,6580.4336,138268.73,2.521286854354485
1998,98Q3,2012-12-01,13.18486,182.84447,473.12219,,,2.587566307036794,2817.1523,90.3895,2907.5417,174.60001,195.49823,156.15593,502.75677,6169.5356,15555.476,,,,6624.8003,153694.95,2.521336614055683
1998,98Q4,2012-12-01,13.35686,183.49554,474.73315,,,2.587164516369172,2950.312,1190.7161,4141.0283,176.66667,197.81311,156.95627,511.13983,6196.2563,15623.156,,,,6702.6997,161781.44,2.521386340974953
1999,99Q1,2012-12-01,13.36103,184.15262,476.35178,,,2.586722795472581,2852.949,1762.4165,4615.3652,176.7,198.04488,157.25142,515.8736,6222.937,15690.754,,,,6738.8335,171777.78,2.521438671161222
1999,99Q2,2012-12-01,13.45562,184.84189,478.047,,,2.586248171342546,2901.6467,116.31797,3017.9646,177.89999,198.53764,157.95096,524.98907,6250.0308,15759.421,,,,6791.0332,154890.08,2.521494934072965
1999,99Q3,2012-12-01,13.41866,185.57909,479.86224,,,2.58575597067536,2967.7703,743.37494,3711.145,177.63333,198.38338,158.6881,530.23871,6277.8647,15829.987,,,,6800.8003,163209.66,2.521555936049402
1999,99Q4,2012-12-01,13.58687,186.33835,481.73907,,,2.585292131222586,3145.634,1025.8906,4171.5244,178.73334,200.37932,159.68578,531.26666,6306.2734,15901.998,,,,6893.1665,169010.44,2.521615697790711
2000,00Q1,2012-12-01,13.74899,187.08398,483.61575,,,2.585019572493593,3297.9231,982.02197,4279.9453,180.16667,217.95268,160.80948,548.99097,6334.9873,15973.627,,,,6966.1997,150961.83,2.521493137010709
2000,00Q2,2012-12-01,14.09883,187.76613,485.51501,,,2.585743286076142,3913.6252,3057.0012,6970.6265,183.86667,220.84917,161.61934,543.48328,6363.2178,16047.515,,,,7030.3667,156116.08,2.521918234513362
2000,00Q3,2012-12-01,14.30065,188.43246,487.37375,,,2.58646387145824,3539.8633,443.63223,3983.4956,186.43333,223.06108,163.10316,549.27972,6393.2935,16122.217,,,,7112.8667,151067.97,2.521738912815437
2000,00Q4,2012-12-01,14.31637,189.06506,489.20801,,,2.587511462985281,3328.5894,421.3439,3749.9331,185.93333,224.8217,165.03555,555.32208,6424.2227,16198.281,,,,7139.3003,162930.17,2.521438274547986
2001,01Q1,2012-12-01,14.3848,189.68498,491.04626,,,2.588746141101947,3609.0085,62.46687,3671.4753,186.53334,226.37585,167.04477,564.00458,6456.0752,16276.326,,,,7145.0332,165212.16,2.521086805184673
2001,01Q2,2012-12-01,14.34206,190.31346,492.91699,,,2.590026948172767,3795.3774,122.74352,3918.1211,185.63333,224.11897,168.7662,561.30658,6488.9219,16356.966,,,,7154.2661,163214.08,2.52075248432255
2001,01Q3,2012-12-01,14.47569,190.97054,494.85141,,,2.59124475429561,3715.8108,2410.2356,6126.0464,186.53334,225.08234,169.19072,563.82227,6522.6865,16440.375,,,,7173.5664,169994.56,2.520491365022679
2001,01Q4,2012-12-01,14.61318,191.67123,496.8916,,,2.592416190995383,4235.8037,132.55415,4368.3579,186.53334,222.60036,168.80156,564.0426,6556.7021,16524.943,,,,7133.3335,169719.22,2.520313222709935
2002,02Q1,2012-12-01,14.64248,192.42921,499.08252,,,2.593590235079175,4135.7188,197.20767,4332.9263,185.46667,222.81134,168.75748,575.06177,6590.1538,16608.627,,,,7128.4336,189302.5,2.520218420395591
2002,02Q2,2012-12-01,14.7618,193.25807,501.46899,,,2.594815264376799,4169.2007,591.74805,4760.9487,185.3,222.17407,169.42317,580.00543,6622.2251,16689.369,,,,7146.7671,171665.33,2.520205632997888
2002,02Q3,2012-12-01,14.96902,194.16713,504.08325,,,2.596130714812543,4342.3779,222.24843,4564.6265,186.2,224.30444,170.52213,585.362,6652.4927,16766.096,,,,7169.3003,187680.09,2.520272739269598
2002,02Q4,2012-12-01,15.13033,195.1487,506.90689,,,2.597541720749357,5040.7017,1188.7958,6229.4976,186.46667,225.39934,172.70726,591.59082,6682.0977,16841.607,,,,7199.7671,193076.06,2.520407176925893
2003,03Q1,2012-12-01,15.10254,196.19095,509.90884,,,2.599043635804812,4864.5552,1054.3031,5918.8579,184.66667,224.00163,175.53815,596.85297,6712.5728,16919.68,,,,7211.8003,193074.59,2.520595381848224
2003,03Q2,2012-12-01,15.42614,197.28207,513.05798,,,2.600631572854036,6199.8628,447.82581,6647.689,186.7,224.95264,176.10573,605.87732,6745.4497,17004.086,,,,7218.5,206498.88,2.52082318544307
2003,03Q3,2012-12-01,15.59972,198.41747,516.34174,,,2.602299787412872,7090.3403,664.58148,7754.9219,188.5,225.88293,177.63156,614.30597,6781.8525,17097.58,,,,7247.6997,219024.61,2.521078127252104
2003,03Q4,2012-12-01,15.66026,199.6217,519.82117,,,2.604031375346468,6889.2437,81.28958,6970.5332,190.89999,230.23035,178.75281,624.75574,6821.2871,17198.846,,,,7285.8672,235669.91,2.521349086743469
2004,04Q1,2012-12-01,15.9103,200.92647,523.57574,,,2.605807686762227,6913.5273,270.74686,7184.2739,195.5,234.27318,180.4778,626.75836,6862.8496,17305.537,,,,7380.4668,235064.47,2.521625564983968
2004,04Q2,2012-12-01,15.93973,202.36346,527.685,,,2.607610089291811,8202.3887,1634.7963,9837.1855,197.23334,234.71954,181.86223,637.48535,6905.6406,17415.318,,,,7461.8335,256760.23,2.521897534024577
2004,04Q3,2012-12-01,15.98588,203.96416,532.23016,,,2.609429813551557,9518.5615,1806.0444,11324.605,198.53333,235.01128,183.35547,645.34222,6949.1558,17526.928,,,,7515.1333,251682.48,2.522166505462433
2004,04Q4,2012-12-01,16.3961,205.68967,537.10767,,,2.611252524251704,10225.521,2396.4121,12621.933,203.03333,239.00275,187.04771,655.73407,6992.0942,17637.121,,,,7600.7329,280064.81,2.522437555260626
2005,05Q1,2012-12-01,16.744,207.49394,542.19617,,,2.613069904595768,8773.6094,1342.4165,10116.025,207.03333,241.26558,189.71367,666.47101,7033.314,17743.1,,,,7669.6001,270179.13,2.522722574308498
2005,05Q2,2012-12-01,17.00293,209.33067,547.37299,,,2.614872393042071,11608.332,453.18228,12061.515,209.93333,244.65584,192.34404,678.73663,7071.6646,17842.037,,,,7750.0664,285633.0,2.523032130228574
2005,05Q3,2012-12-01,17.26155,211.2184,552.70099,,,2.616727472606553,14129.45,1994.1121,16123.56,212.8333,247.26421,196.3082,691.49359,7108.1748,17937.109,,,,7853.0,309926.81,2.523447932090809
2005,05Q4,2012-12-01,17.46258,213.08971,557.97083,,,2.618478527189323,13408.61,1006.289,14414.9,214.6667,250.3718,200.0988,688.19873,7140.9292,18022.42,,,,7890.1001,283261.09,2.523820009306352
2006,06Q1,2012-12-01,17.58366,214.94701,563.19287,,,2.620147495887474,13736.41,3956.396,17692.811,215.6667,250.4828,203.5267,707.9787,7170.3491,18099.221,,,,7935.167,266671.5,2.524175705754689
2006,06Q2,2012-12-01,17.60726,216.77679,568.32397,,,2.621701197808123,7054.5259,71.19782,7125.7241,215.6667,251.0849,205.5842,703.19849,7196.3218,18166.99,,,,7987.5669,213172.09,2.524482715600628
2006,06Q3,2012-12-01,17.65339,218.5341,573.24841,,,2.623153137199183,5082.5771,1736.807,6819.3838,215.96671,252.18491,208.5719,704.87958,7218.1221,18223.93,,,,8023.834,177194.91,2.52474670662609
2006,06Q4,2012-12-01,17.66705,220.2139,577.94769,,,2.624483241066981,4562.4839,1091.6,5654.085,215.23331,253.51199,211.3029,715.52722,7238.0249,18275.4,,,,8033.1001,155913.5,2.524915326002816
2007,07Q1,2012-12-01,17.78588,221.74519,582.25043,,,2.62576351712522,4200.793,68.92584,4269.7192,216.0,257.2854,214.84151,717.1488,7256.5508,18322.9,,,,8063.8672,118545.2,2.525015052605985
2007,07Q2,2012-12-01,17.8631,223.05569,585.98199,,,2.627065868617833,4640.2578,1289.238,5929.4961,216.53329,257.3483,218.59579,713.22632,7274.1689,18367.84,,,,8053.2329,123706.8,2.525077469674921
2007,07Q3,2012-12-01,17.77535,224.10471,589.02283,,,2.628337574877386,3302.749,42.14921,3344.8979,215.23331,257.37631,217.8936,715.37012,7291.5879,18411.49,,,,8002.6328,91649.656,2.525031618970129
2007,07Q4,2012-12-01,17.75304,224.90669,591.43121,,,2.629673710461881,3272.198,71.68702,3343.885,215.0,257.66339,218.08859,712.77478,7308.1499,18453.18,,,,7959.2002,76302.367,2.525013888946093
2008,08Q1,2012-12-01,17.77817,225.5067,593.31989,,,2.631052159425862,2640.637,1071.609,3712.2461,215.39999,257.0813,217.4706,709.59857,7323.3999,18492.08,,,,7903.7329,68419.227,2.525067626035279
2008,08Q2,2012-12-01,17.54037,225.94971,594.80103,,,2.632448742687034,2608.4751,2752.4529,5360.9282,212.96671,254.6675,216.7709,693.89899,7336.8789,18527.311,,,,7796.8672,72794.07,2.525230585446899
2008,08Q3,2012-12-01,17.4857,226.28551,595.98993,,,2.633796260308492,2086.428,96.72425,2183.1521,212.1333,256.06189,217.4622,682.59869,7348.606,18558.801,,,,7691.3999,61860.34,2.525485922091891
2008,08Q4,2012-12-01,17.2686,226.5392,596.97083,,,2.635176737624217,1736.46,3.21331,1739.674,208.8333,253.0658,214.12289,671.68372,7359.0552,18588.35,,,,7552.2671,41094.379,2.525915283255383
2009,09Q1,2012-12-01,17.02371,226.7424,597.83728,,,2.636636464992873,1120.458,0.01,1120.458,205.1667,247.4344,214.08,653.23492,7369.2222,18618.699,,,,7383.2671,36484.449,2.526548731289443
2009,09Q2,2012-12-01,16.82852,226.92641,598.68298,,,2.638225229051127,1022.718,0.01,1022.718,202.53329,243.9119,215.349,652.61987,7380.0918,18652.65,,,,7261.0,31012.109,2.527427910856068
2009,09Q3,2012-12-01,16.66587,227.12241,599.58881,,,2.639936807644829,1154.079,0.01,1154.079,199.76669,240.18719,216.5764,649.20831,7392.6582,18692.289,,,,7191.2002,33357.0,2.528493607346813
2009,09Q4,2012-12-01,16.68656,227.3616,600.58539,,,2.641542767116347,1242.745,0.01,1242.745,198.5667,238.2643,217.5992,652.86493,7407.9072,18737.221,,,,7161.5659,40462.449,2.529354174415144
2010,10Q1,2012-12-01,16.70225,227.67529,601.6911,,,2.642759783022567,1299.756,4.64198,1304.3979,197.5,242.64101,217.3712,650.69952,7426.8291,18786.35,,,,7155.0659,44028.762,2.529525016268383
2010,10Q2,2012-12-01,16.88817,228.09441,602.92401,,,2.643309014017485,1202.941,189.05589,1391.9969,197.2,242.618,215.6817,658.96722,7450.4111,18838.609,,,,7195.4668,38710.148,2.528532821497595
2010,10Q3,2012-12-01,16.91875,228.4258,604.30243,,,2.645508650949236,1012.596,0.01,1012.596,196.39999,242.4118,215.0244,663.16718,7476.772,18892.939,,,,7199.3672,34853.762,2.526884462974128
2010,10Q4,2012-12-01,16.78533,228.6935,605.84442,,,2.64915452341234,932.70642,158.30209,1091.009,196.10001,242.17509,215.9505,658.034,7501.7549,18948.25,,,,7221.7998,37123.34,2.525842319908373
2011,11Q1,2012-12-01,16.77332,228.94591,607.56818,,,2.65376297833842,831.02832,54.28967,885.31799,195.3,242.0598,218.3231,657.71417,7526.3218,19003.471,,,,7238.2998,36883.262,2.524934689877332
2011,11Q2,2012-12-01,16.70121,229.21159,609.492,,,2.65908019747169,1036.926,87.47411,1124.4,195.10001,242.1396,220.8349,658.01813,7551.4902,19057.539,,,,7267.4341,39140.559,2.523679233537243
2011,11Q3,2012-12-01,16.63756,229.7887,611.01892,,,2.659046854784417,1316.868,120.68,1437.548,194.6333,242.6382,222.3918,661.4325,7574.3599,19115.4,,,,7272.7671,46334.441,2.523698405194609
2011,11Q4,2012-12-01,16.57094,230.0136,611.66931,,,2.659274538549025,1111.177,65.55624,1176.733,194.53329,244.2756,223.47729,667.19922,7598.668,19177.699,,,,7318.667,47081.762,2.523823780694196
2012,12Q1,2012-12-01,16.68669,230.22391,612.43958,,,2.660191028811908,1480.015,0.01,1480.015,193.53329,244.0658,224.9119,670.64941,7623.1948,19244.0,,,,7314.5659,49502.23,2.524400924399833
2012,12Q2,2012-12-01,16.72171,230.6342,613.47137,,,2.659932351750087,1032.879,97.37077,1130.249,195.8,246.65601,225.00529,673.08313,7654.1118,19318.141,,,,7324.8999,61373.629,2.523890623076606
2012,12Q3,2012-12-01,16.80464,231.1313,614.77417,,,2.65984819018454,1325.292,465.88321,1791.175,196.6333,248.48981,225.916,677.05481,7687.1548,19400.199,,,,7343.6328,77500.031,2.523716447078703
2012,12Q4,2012-12-01,16.89719,231.7484,616.25031,,,2.659135122399982,1554.953,285.66931,1840.6219,196.92889,249.05701,227.4709,681.4538,7724.4702,19486.92,,,,7382.6382,79754.992,2.522751657453478
2013,13Q1,2012-12-01,16.95894,232.5179,618.03027,,,2.657990073022335,1621.016,320.10791,1941.124,197.59399,250.4411,228.5181,684.40118,7766.9282,19581.23,,,,7417.1748,87619.922,2.521103516831789
2013,13Q2,2012-12-01,17.07882,233.39439,619.88989,,,2.655975964118075,1864.9189,380.96661,2245.886,198.5753,251.7749,229.48669,689.67078,7812.6211,19678.359,,,,7459.707,101820.7,2.518790908725882
2013,13Q3,2012-12-01,17.24577,234.7003,621.8847,,,2.649697081767684,2353.584,402.74799,2756.332,199.5479,255.31531,230.6496,696.11591,7865.8281,19779.699,,,,7502.6392,119856.9,2.514636570814458
2013,13Q4,2012-12-01,17.41231,235.50591,623.96619,,,2.649471471862426,3159.313,465.31711,3624.6299,200.5058,256.08331,231.7126,702.47742,7912.2559,19883.83,,,,7546.0249,145778.0,2.513041824140193
2014,14Q1,2012-12-01,17.58815,236.30991,626.20789,,,2.649943415407335,3591.9221,420.11551,4012.0381,201.6349,258.27661,233.1981,709.1897,7958.9409,19992.211,,,,7595.4658,161169.7,2.511918514183213
2014,14Q2,2012-12-01,17.78461,237.2948,628.349,,,2.647967844217404,3794.2271,438.80399,4233.0308,202.8945,260.1113,234.51961,716.32318,8008.0142,20099.301,,,,7649.02,166678.7,2.509898271658909
2014,14Q3,2012-12-01,18.01327,238.4319,630.61182,,,2.644829907407523,3787.853,440.5603,4228.4131,204.3217,262.13559,235.8148,723.6189,8062.186,20210.42,,,,7707.1001,167233.91,2.506816389500317
2014,14Q4,2012-12-01,18.2465,239.5336,632.82269,,,2.641895291516513,3837.658,440.34381,4278.002,205.9819,263.93381,236.9464,730.85028,8115.8301,20321.551,,,,7770.0068,168856.2,2.503939923532899
2015,15Q1,2012-12-01,18.47052,240.6787,635.10181,,,2.638795248603221,4013.592,429.6326,4443.2251,207.5834,265.957,238.3936,737.95502,8170.4058,20433.48,,,,7834.3691,174334.3,2.500913724505581
2015,15Q2,2012-12-01,18.69774,241.9612,637.51538,,,2.634783510744698,4104.0449,426.49139,4530.5361,209.1424,267.8215,239.6393,744.8797,8228.6729,20547.301,,,,7897.5811,177333.0,2.497037037406117
2015,15Q3,2012-12-01,18.9278,243.24899,640.06567,,,2.631318921406415,4203.6851,419.0325,4622.7178,210.7016,269.77759,241.00121,751.75952,8286.1172,20663.0,,,,7959.3579,180450.59,2.493689082746742
2015,15Q4,2012-12-01,19.15585,244.67081,642.73822,,,2.626950963214615,4333.4741,422.21552,4755.689,212.28391,271.67291,242.33479,758.57422,8347.1631,20780.189,,,,8022.229,185222.7,2.489491190126619
2016,16Q1,2012-12-01,19.41148,245.9957,645.4021,,,2.623631632585448,4281.4609,423.6788,4705.1401,214.0204,273.67249,243.8773,764.91901,8404.7598,20896.5,,,,8085.8071,184402.0,2.486269744436956
2016,16Q2,2012-12-01,19.66066,247.35271,648.22321,,,2.620643250684418,4194.2598,412.14169,4606.4019,215.5258,275.51239,245.1774,771.37793,8462.8145,21016.279,,,,8144.7139,180552.7,2.483367560520203
2016,16Q3,2012-12-01,19.89515,248.66499,650.98798,,,2.61793178042474,4156.4292,406.116,4562.5449,216.8497,277.27991,246.5211,777.87408,8519.6396,21134.711,,,,8197.0586,179370.59,2.480704817607543
2016,16Q4,2012-12-01,20.13633,250.03481,653.86353,,,2.615089994869114,4192.605,405.46661,4598.0718,218.1098,279.0369,247.99719,784.06543,8578.127,21255.99,,,,8245.7031,180831.91,2.477929039754249
2017,17Q1,2012-12-01,20.36126,251.4837,656.76611,,,2.611565322126245,4162.9751,397.39182,4560.3672,219.3179,280.72461,249.59959,789.8006,8639.1387,21377.52,,,,8292.2432,179351.7,2.474496676387428
2017,17Q2,2012-12-01,20.58502,252.85519,659.71002,,,2.609042828031333,4077.6741,402.35321,4480.0269,220.35519,282.04871,251.1032,795.45068,8697.5078,21500.449,,,,8332.9785,177729.8,2.472024112470471
2017,17Q3,2012-12-01,20.82864,254.2206,662.69629,,,2.606776516143853,4079.105,389.1817,4468.2871,221.407,283.3869,252.8093,800.88782,8755.6865,21624.529,,,,8371.5342,176971.3,2.469769674827896
2017,17Q4,2012-12-01,21.08351,255.5887,665.70923,,,2.604611354101336,4010.6111,385.2218,4395.833,222.4496,284.68811,254.49719,805.74249,8813.8105,21749.221,,,,8407.4473,174660.7,2.467629749924849
2018,18Q1,2012-12-01,21.32821,256.93799,668.73633,,,2.602714880738344,3942.926,385.03201,4327.958,223.382,285.80151,256.24771,811.82568,8871.2031,21873.971,,,,8444.2793,172832.59,2.465727675652021
2018,18Q2,2012-12-01,21.60982,258.354,671.77118,,,2.600196552017774,3879.4661,384.13239,4263.5981,224.5334,287.02841,257.91879,816.50018,8931.1914,21999.609,,,,8481.207,171247.7,2.46323340467208
2018,18Q3,2012-12-01,21.88579,259.68771,674.83289,,,2.598632372706433,3864.9441,385.47421,4250.418,225.6516,288.25171,259.71051,821.42529,8988.4648,22126.381,,,,8518.7012,171511.41,2.461641836768388
2018,18Q4,2012-12-01,22.15338,261.03271,677.97681,,,2.597286792141873,3884.157,387.6517,4271.8091,226.6881,289.40851,261.55939,826.91937,9045.3428,22253.83,,,,8554.6514,172752.0,2.460252805454759
2019,19Q1,2012-12-01,22.41974,262.3569,681.11578,,,2.596142049246656,3895.2141,388.28979,4283.5039,227.7757,290.62799,263.4267,831.77612,9101.498,22381.039,,,,8591.5889,173842.8,2.459050037697091
2019,19Q2,2012-12-01,22.70699,263.72061,684.28583,,,2.594737779500813,3918.1111,387.78641,4305.897,228.9138,291.83749,265.30899,836.83459,9158.8916,22508.961,,,,8628.6631,174868.0,2.457607534081962
2019,19Q3,2012-12-01,22.99539,265.04889,687.42871,,,2.593592110497049,3952.3,386.5722,4338.8721,230.0907,293.10889,267.2977,841.99103,9215.7627,22637.561,,,,8667.6768,176340.5,2.456395822778727
2019,19Q4,2012-12-01,23.28804,266.3945,690.60199,,,2.59240333415292,3959.998,387.12231,4347.1201,231.25,294.35129,269.40561,846.86108,9272.9258,22766.59,,,,8704.708,177141.7,2.455167925532198
2020,20Q1,2012-12-01,23.56968,267.73251,693.77161,,,2.591286392526631,3964.6541,386.9111,4351.5649,232.41141,295.6156,271.33759,852.06122,9329.9912,22895.65,,,,8743.2393,177812.2,2.453984093789928
2020,20Q2,2012-12-01,23.86163,269.03839,696.88239,,,2.590271187691839,3967.9861,387.0282,4355.0142,233.59779,296.88431,273.23969,857.3053,9386.248,23023.539,,,,8781.5781,178337.41,2.452901201843378
2020,20Q3,2012-12-01,24.15165,270.31589,699.9256,,,2.589287666366931,3964.363,387.86929,4352.2319,234.8129,298.12759,275.2243,862.26239,9442.167,23150.711,,,,8821.4473,178855.5,2.451842993245089
2020,20Q4,2012-12-01,24.44418,271.6539,702.88623,,,2.587432869544667,4011.134,386.43921,4397.5732,235.9968,299.4559,277.2803,867.4187,9500.5645,23275.99,,,,8859.6172,180730.8,2.449958631405534
2021,21Q1,2012-12-01,24.71899,272.88531,705.83893,,,2.5865772327576,4033.1189,386.5274,4419.646,237.16,300.75409,279.20679,872.45862,9555.3105,23400.949,,,,8897.0723,181797.2,2.448999328697901
2021,21Q2,2012-12-01,24.99606,274.10172,708.79779,,,2.585893258896733,4046.8611,385.23901,4432.1001,238.35159,301.98761,281.10651,877.65723,9609.7666,23526.689,,,,8935.1602,182457.7,2.448206078178839
2021,21Q3,2012-12-01,25.26375,275.345,711.69421,,,2.584736276307904,4023.2871,383.74051,4407.0269,239.5251,303.16879,283.10321,882.62958,9665.7803,23651.789,,,,8972.8604,182112.59,2.446961162566462
2021,21Q4,2012-12-01,25.53279,276.53189,714.52179,,,2.58386759660884,4030.3521,382.07159,4412.4238,240.70869,304.57529,285.08411,887.9115,9720.1641,23775.34,,,,9009.6738,182718.0,2.445981338936448
2022,22Q1,2012-12-01,25.76839,277.67609,717.29523,,,2.583208478627022,4040.592,382.88629,4423.478,241.83681,305.8862,286.9567,892.82068,9773.3281,23897.789,,,,9045.6943,183184.3,2.445204822295897
2022,22Q2,2012-12-01,26.00986,278.85071,720.07538,,,2.58229710083937,4045.2251,381.7739,4426.999,243.0126,307.2196,288.76199,897.7002,9827.6836,24020.74,,,,9082.6953,183525.5,2.444191426756962
2022,22Q3,2012-12-01,26.24504,280.0018,722.85992,,,2.581625975261587,4057.0339,381.07111,4438.105,244.1517,308.5007,290.668,902.68048,9881.3828,24144.18,,,,9118.4609,184171.41,2.443400937771584
2022,22Q4,2012-12-01,26.47532,281.14529,725.63159,,,2.580984337315414,4062.655,379.2225,4441.8779,245.26981,309.8132,292.57999,907.6012,9934.9971,24267.641,,,,9154.1084,184524.91,2.442641981244262
2023,23Q1,2012-12-01,26.69062,282.26019,728.3761,,,2.580513036570973,4076.479,378.7869,4455.2661,246.3698,311.14059,294.3804,912.2077,9987.7285,24390.33,,,,9188.9248,185177.5,2.442029736791504
2023,23Q2,2012-12-01,26.91313,283.3862,731.12469,,,2.579958692413392,4092.5859,379.08221,4471.668,247.4727,312.43161,296.22391,916.91852,10040.91,24513.311,,,,9223.8252,186008.8,2.441343563481796
2023,23Q3,2012-12-01,27.12942,284.49991,733.87958,,,2.579542397746277,4100.459,377.72849,4478.187,248.5923,313.78561,298.1904,921.4209,10093.72,24636.58,,,,9259.1172,186371.09,2.440782981893693
2023,23Q4,2012-12-01,27.36,285.59891,736.62299,,,2.579221993529317,4108.5918,376.8121,4485.4038,249.71609,315.11301,300.18961,926.06543,10146.18,24759.869,,,,9293.5957,186698.2,2.440314384329866
2024,24Q1,2012-12-01,27.57535,286.66721,739.35449,,,2.579138681399941,4117.8521,375.06381,4492.916,250.8123,316.39731,302.0932,930.50952,10197.61,24882.75,,,,9327.8242,187114.0,2.440057032971451
2024,24Q2,2012-12-01,27.80388,287.7269,742.05127,,,2.579012494139408,4133.7598,374.0148,4507.7749,251.9269,317.73471,304.02509,935.17401,10249.21,25005.58,,,,9361.7021,187762.2,2.439756820281759
2024,24Q3,2012-12-01,28.02596,288.76031,744.7334,,,2.5790712026871,4139.3599,373.9726,4513.333,253.0507,319.13681,306.02921,939.85791,10300.13,25128.58,,,,9396.4727,188144.5,2.439637169627956
2024,24Q4,2012-12-01,28.2592,289.85471,747.4021,,,2.578540469464857,4143.415,373.16699,4516.582,254.1597,320.38641,308.08771,944.72461,10353.33,25251.33,,,,9430.3496,188300.0,2.438957320977889
2025,25Q1,2012-12-01,28.47557,290.8812,750.04163,,,2.57851531828114,4144.9419,370.00562,4514.9482,255.2413,321.78571,310.04779,949.13,10404.22,25373.211,,,,9463.4502,188412.5,2.43874226035205
2025,25Q2,2012-12-01,28.69548,291.89801,752.66431,,,2.578518126930704,4149.4409,370.74631,4520.187,256.31219,323.2045,312.0452,953.77252,10455.1,25495.35,,,,9496.6738,188665.5,2.438556302665685
2025,25Q3,2012-12-01,28.92124,292.92041,755.29358,,,2.578494205985851,4158.4292,371.14719,4529.5762,257.43109,324.59052,314.1384,958.58252,10506.05,25617.369,,,,9531.0332,189189.91,2.438344477705703
2025,25Q4,2012-12-01,29.15866,293.9234,757.90979,,,2.5785962941365,4166.3662,370.9389,4537.3052,258.52939,325.99039,316.2197,963.52667,10556.48,25739.27,,,,9564.292,189639.7,2.43824361908515
2026,26Q1,2012-12-01,29.38883,294.91769,760.53448,,,2.578802512660397,4173.0879,370.94019,4544.0278,259.65329,327.32269,318.203,968.32013,10606.42,25860.99,,,,9597.3311,190157.0,2.438239292805678
2026,26Q2,2012-12-01,29.61145,295.9108,763.12073,,,2.578887725625425,4181.9312,370.15631,4552.0869,260.76099,328.7106,320.202,973.06519,10656.72,25982.34,,,,9631.0811,190666.91,2.438117919960363
2026,26Q3,2012-12-01,29.8383,296.88901,765.7204,,,2.579147001770123,4182.5688,369.29279,4551.8618,261.90039,330.13351,322.34241,977.80267,10706.49,26104.029,,,,9665.0127,190620.0,2.438150037967625
2026,26Q4,2012-12-01,30.06525,297.8674,768.3382,,,2.579463882250962,4184.2192,367.7619,4551.981,263.0051,331.48581,324.49609,982.61249,10756.17,26226.199,,,,9698.3281,190690.8,2.438246978245974
2027,27Q1,2012-12-01,30.29096,298.8425,770.98242,,,2.579895496791789,4181.4331,365.1579,4546.5908,264.08749,332.92639,326.5285,987.51477,10805.67,26348.949,,,,9730.2061,190651.2,2.438437320406786
2027,27Q2,2012-12-01,30.5255,299.83081,773.63812,,,2.580248907708984,4181.4761,365.12991,4546.606,265.2659,334.42691,328.54529,992.51038,10855.69,26472.18,,,,9765.2041,190743.59,2.438553422214525
2027,27Q3,2012-12-01,30.76017,300.8031,776.25848,,,2.580619947068365,4186.375,363.60291,4549.978,266.42499,335.90659,330.68799,997.74249,10905.44,26594.939,,,,9799.1611,190835.41,2.438685555099106
2027,27Q4,2012-12-01,30.99512,301.77271,778.86658,,,2.580970890310128,4186.1138,361.16461,4547.2788,267.5806,337.3584,332.82611,1002.73,10955.08,26717.24,,,,9833.3838,190701.0,2.438799168970012
2028,28Q1,2012-12-01,31.24033,302.73541,781.46802,,,2.581356505339101,4189.9341,360.83069,4550.7651,268.74179,338.87991,334.81729,1007.896,11004.65,26839.66,,,,9865.9619,190999.8,2.438938085263957
2028,28Q2,2012-12-01,31.4692,303.70432,784.08411,,,2.581735123161896,4194.061,362.33151,4556.3921,269.8775,340.39221,336.82211,1013.137,11054.22,26962.1,,,,9898.9951,191446.91,2.439077564948047
2028,28Q3,2012-12-01,31.71013,304.68619,786.69922,,,2.581998284858267,4199.5132,363.56259,4563.0762,271.04199,341.88989,338.9502,1018.502,11104.37,27084.76,,,,9932.2588,191979.8,2.439108206949156
2028,28Q4,2012-12-01,31.94829,305.68381,789.39917,,,2.582404249672235,4202.0449,362.70099,4564.7461,272.22501,343.38708,341.09329,1023.979,11154.74,27209.35,,,,9966.2939,192153.7,2.439263487988066
2029,29Q1,2012-12-01,32.18944,306.6983,792.15771,,,2.582856540124285,4203.0352,363.7225,4566.7568,273.3974,344.94312,343.09009,1029.429,11205.36,27335.16,,,,9999.6592,192512.2,2.439471824198419
2029,29Q2,2012-12-01,32.43542,307.7081,794.90771,,,2.583317468730917,4208.0132,365.3743,4573.3872,274.59219,346.5481,345.11121,1034.975,11255.67,27460.15,,,,10033.07,193009.8,2.439672627218104
2029,29Q3,2012-12-01,32.68935,308.70541,797.62549,,,2.58377554834559,4209.728,366.53561,4576.2642,275.82199,348.11111,347.24341,1040.573,11305.61,27584.27,,,,10067.42,193355.7,2.43987454016192
2029,29Q4,2012-12-01,32.93646,309.71741,800.35651,,,2.584150855452394,4212.106,365.85699,4577.9629,277.05551,349.74081,349.3533,1046.23,11355.95,27708.51,,,,10102.05,193558.2,2.439999295523492
2030,30Q1,2012-12-01,33.1877,310.70511,803.0708,,,2.584672006199061,4213.7988,365.60141,4579.3999,278.2742,351.2901,351.31891,1052.0389,11405.71,27832.801,,,,10136.03,193734.41,2.440251505605526
2030,30Q2,2012-12-01,33.43146,311.72449,805.82428,,,2.585052845863987,4218.4102,364.66559,4583.0762,279.5184,352.94141,353.3053,1057.6429,11456.13,27957.311,,,,10171.28,193963.3,2.440380041078445
2030,30Q3,2012-12-01,33.69613,312.74319,808.60742,,,2.58553166257593,4229.2432,365.5679,4594.811,280.80591,354.6604,355.4025,1063.582,11506.36,28082.131,,,,10206.76,194502.0,2.440574690866616
2030,30Q4,2012-12-01,33.95293,313.75409,811.37451,,,2.586020504147053,4229.7329,365.58521,4595.3179,282.09619,356.34399,357.47989,1069.576,11556.12,28206.16,,,,10243.04,194580.3,2.440798468690183
2031,31Q1,2012-12-01,34.22826,314.73779,814.11029,,,2.586630254981456,4229.3721,364.8504,4594.2222,283.4165,358.0275,359.43851,1075.715,11604.97,28329.27,,,,10278.55,194658.09,2.441132549243988
2031,31Q2,2012-12-01,34.48199,315.70651,816.80212,,,2.587219756729122,4231.1768,364.23151,4595.4082,284.69461,359.63519,361.40659,1081.584,11653.63,28451.381,,,,10313.99,194851.5,2.441417910127574
2031,31Q3,2012-12-01,34.73802,316.65201,819.43628,,,2.587813290684622,4230.4692,365.17719,4595.646,286.0062,361.26471,363.50021,1087.507,11701.85,28572.42,,,,10349.77,195155.8,2.441701098544247
2031,31Q4,2012-12-01,35.00345,317.58191,822.0603,,,2.588498507361455,4228.9082,366.28671,4595.1948,287.29849,362.9024,365.56641,1093.682,11749.33,28692.811,,,,10385.09,195348.5,2.442080612256188
2032,32Q1,2012-12-01,35.26745,318.51141,824.69299,,,2.589210195013108,4228.814,367.82861,4596.6431,288.6507,364.5874,367.535,1099.988,11796.75,28813.26,,,,10421.51,195697.7,2.442474410324877
2032,32Q2,2012-12-01,35.50887,319.45541,827.367,,,2.589929530384225,4222.9868,367.59799,4590.585,289.94839,366.22409,369.52261,1105.98,11844.12,28933.869,,,,10457.55,195621.2,2.44288887650581
2032,32Q3,2012-12-01,35.77269,320.3902,829.9845,,,2.590542719471445,4227.0029,368.6214,4595.624,291.30688,367.90509,371.61459,1112.267,11891.31,29052.949,,,,10492.73,196115.3,2.443208443813171
2032,32Q4,2012-12-01,36.04043,321.33899,832.67767,,,2.591274933676738,4226.6689,369.72931,4596.3979,292.65341,369.58221,373.6796,1118.452,11938.77,29173.279,,,,10527.87,196404.59,2.443574924385008
2033,33Q1,2012-12-01,36.30604,322.2529,835.31042,,,2.592095897352669,4230.3389,372.05591,4602.395,293.99759,371.28241,375.6073,1124.6281,11985.02,29291.92,,,,10562.21,196987.3,2.444044315320291
2033,33Q2,2012-12-01,36.55042,323.16449,837.90833,,,2.592823023346408,4234.521,373.6962,4608.2168,295.28989,372.95099,377.55011,1130.553,12030.86,29408.801,,,,10596.21,197447.09,2.444447113506433
2033,33Q3,2012-12-01,36.79733,324.04639,840.4458,,,2.593597169837319,4241.0239,375.16031,4616.1841,296.61261,374.64389,379.60599,1136.597,12075.98,29523.9,,,,10629.31,198005.7,2.444845056053422
2033,33Q4,2012-12-01,37.0468,324.90921,842.92828,,,2.594350218634923,4239.1128,374.91479,4614.0278,297.91281,376.32269,381.62009,1142.629,12120.43,29637.131,,,,10662.11,198011.59,2.445221085390535
2034,34Q1,2012-12-01,37.28507,325.74289,845.3399,,,2.595113894888082,4246.7358,376.57361,4623.3101,299.2146,378.01529,383.4993,1148.65,12163.85,29748.5,,,,10694.85,198608.8,2.445648376130912
2034,34Q2,2012-12-01,37.5368,326.55371,847.67969,,,2.595835429338714,4246.4702,377.50571,4623.9761,300.54251,379.7041,385.40439,1154.7939,12206.71,29857.891,,,,10726.98,198844.41,2.446022802212882
2034,34Q3,2012-12-01,37.76505,327.32779,849.9472,,,2.596624014111359,4245.5459,378.189,4623.7349,301.77451,381.2818,387.4451,1160.505,12248.58,29965.32,,,,10757.62,199073.7,2.446432157850134
2034,34Q4,2012-12-01,37.99481,328.09799,852.17657,,,2.597323348430145,4245.7349,377.31671,4623.0518,303.02661,382.98001,389.44131,1166.275,12289.98,30070.811,,,,10787.9,199104.59,2.44677460825811
2035,35Q1,2012-12-01,38.22451,328.89941,854.50171,,,2.598063979500602,4247.3721,377.58011,4624.9521,304.27249,384.66119,391.27811,1172.494,12330.27,30174.4,,,,10819.11,199143.41,2.447180799771619
2035,35Q2,2012-12-01,38.43881,329.69629,856.75262,,,2.598611649527509,4246.4082,378.42841,4624.8359,305.31299,386.1741,393.14221,1178.022,12370.44,30276.01,,,,10848.72,199245.2,2.447448110172314
2035,35Q3,2012-12-01,38.63787,330.45651,858.96613,,,2.599331845512743,4245.5942,378.8486,4624.4429,306.30389,387.6091,395.13309,1183.179,12409.3,30375.721,,,,10877.41,199396.2,2.447819055063541
2035,35Q4,2012-12-01,38.82431,331.21011,861.14288,,,2.599989716497483,4248.4849,380.12839,4628.6128,307.25449,389.04449,397.06589,1188.084,12447.7,30473.58,,,,10905.55,199745.3,2.448129373297878
2036,36Q1,2012-12-01,38.99125,331.95999,863.28027,,,2.600555175339052,4246.2559,380.33789,4626.5942,308.1279,390.48801,398.83429,1192.733,12485.6,30569.5,,,,10932.31,199707.09,2.4483805343756
2036,36Q2,2012-12-01,39.14568,332.69611,865.38287,,,2.601121095163992,4239.1499,381.14819,4620.2979,308.95029,391.85901,400.63559,1197.062,12522.77,30663.58,,,,10958.61,199556.41,2.448625982909532
2036,36Q3,2012-12-01,39.28249,333.41821,867.44537,,,2.60167364583956,4234.8071,381.82629,4616.6328,309.71759,393.23318,402.5697,1201.1541,12559.17,30755.65,,,,10984.62,199539.91,2.448860075944509
2036,36Q4,2012-12-01,39.40996,334.1272,869.47418,,,2.602225080747691,4228.1758,383.10849,4611.2852,310.465,394.58551,404.46191,1205.0811,12594.82,30845.881,,,,11009.88,199487.8,2.449092642848409
2037,37Q1,2012-12-01,39.54768,334.8378,871.52191,,,2.602818170469404,4219.21,383.76611,4602.9761,311.21011,396.2789,406.20541,1208.968,12629.79,30934.189,,,,11033.76,199297.7,2.449303511776522
2037,37Q2,2012-12-01,39.70847,335.62259,873.69928,,,2.603219527028857,4227.0322,387.9697,4615.002,312.03619,397.4425,407.97751,1213.348,12666.69,31024.061,,,,11058.33,199227.59,2.449263461883096
2037,37Q3,2012-12-01,39.85474,336.46329,875.99072,,,2.603525394999259,4212.4111,384.18509,4596.5962,312.87851,398.7561,409.8938,1217.017,12704.88,31115.119,,,,11083.91,199041.8,2.44906831075933
2037,37Q4,2012-12-01,40.0108,337.31531,878.30438,,,2.603808229161019,4206.4668,386.1499,4592.6172,313.73221,400.09991,411.75589,1220.582,12743.24,31205.41,,,,11109.02,199053.3,2.448781471588073
2038,38Q1,2012-12-01,,,,,,,,,,,,,1220.565243683953,12737.97753324192,31295.54370196016,,,,,,
2038,38Q2,2012-12-01,,,,,,,,,,,,,1220.548293563119,12739.28303276488,31385.37525939678,,,,,,
2038,38Q3,2012-12-01,,,,,,,,,,,,,1220.531132017751,12747.1296753241,31474.87046726946,,,,,,
2038,38Q4,2012-12-01,,,,,,,,,,,,,1220.513747715666,12761.51851277768,31564.09887582701,,,,,,
2039,39Q1,2012-12-01,,,,,,,,,,,,,1220.496123873411,12782.4705913343,31653.09240977381,,,,,,
2039,39Q2,2012-12-01,,,,,,,,,,,,,1220.478232309455,12810.01622557465,31741.78037869303,,,,,,
2039,39Q3,2012-12-01,,,,,,,,,,,,,1220.460055875436,12844.20196846792,31830.25969686581,,,,,,
2039,39Q4,2012-12-01,,,,,,,,,,,,,1220.441587648329,12885.07763446647,31918.47107555544,,,,,,
2040,40Q1,2012-12-01,,,,,,,,,,,,,1220.422820898377,12933.06678509679,32006.14885561483,,,,,,
2040,40Q2,2012-12-01,,,,,,,,,,,,,1220.403743191168,12987.88510296171,32093.52335098265,,,,,,
2040,40Q3,2012-12-01,,,,,,,,,,,,,1220.384349586308,13049.61365042318,32180.57973947476,,,,,,
2040,40Q4,2012-12-01,,,,,,,,,,,,,1220.364637766861,13118.36496427566,32267.37730982782,,,,,,
